SA2,10,11,12,13,14,20,21,22,23,24,25,26,27,30,31,32,33,34,35,36,39,40,41,42,43,44,45,50,51,52,53,54,55,56,59,60,61,62,63,70,71,72,73,74,80,81,82,83,84,85,89
401011001,18,113,12,415,301,69,119,506,332,321,449,198,214,5,93,29,26,48,180,25,72,0,67,115,417,56,103,3,139,54,123,112,137,29,111,0,76,308,57,0,16,6,32,24,8,106,25,30,15,122,38
401011002,14,95,14,266,134,35,51,258,171,204,371,80,135,3,52,14,16,14,60,8,25,0,31,82,180,21,83,0,86,27,72,61,76,17,48,3,68,165,37,0,10,16,31,5,3,32,9,20,18,34,26
401021003,19,48,159,254,130,9,15,114,122,176,146,33,37,11,81,128,113,115,39,86,53,0,76,141,76,70,40,0,97,23,106,64,106,26,52,0,42,156,35,5,48,37,84,23,7,52,57,45,68,36,59
401021004,43,203,55,758,307,46,141,584,551,702,770,163,302,11,187,134,176,108,82,139,94,0,127,229,227,99,129,5,242,89,155,116,194,37,120,0,144,410,79,5,38,28,98,19,13,115,62,33,65,103,89
401021005,8,31,46,159,93,4,19,128,68,97,125,21,46,0,39,54,57,48,25,39,46,0,34,65,69,26,36,0,58,17,52,32,71,6,24,0,44,132,30,0,18,22,31,3,7,30,26,18,30,28,36
401021006,20,51,172,303,164,14,26,161,135,209,214,34,59,3,82,130,121,77,75,100,65,0,70,202,86,108,53,0,86,40,125,84,132,30,60,0,64,262,42,6,49,64,102,23,6,78,47,159,79,62,58
401021007,19,70,45,495,351,13,48,315,171,419,402,108,141,14,155,204,216,132,152,139,140,0,150,389,199,175,117,0,233,72,215,142,274,59,147,4,150,657,142,8,85,55,179,65,9,199,114,158,76,138,144
401021008,20,29,174,185,108,3,18,112,84,139,133,29,50,5,59,111,104,58,52,98,52,0,63,155,59,54,30,0,55,25,79,49,82,26,60,0,46,169,38,6,51,47,89,31,0,68,63,51,79,48,54
401021009,3,21,23,141,96,3,19,102,46,134,108,24,37,6,53,84,67,55,49,57,56,0,54,136,69,78,30,0,64,14,71,63,64,18,62,0,33,176,44,0,36,19,70,38,4,44,29,57,45,54,42
401021010,24,51,64,212,110,17,25,160,131,169,202,47,71,9,56,59,51,36,27,57,36,0,47,79,60,34,35,0,83,21,70,53,85,22,36,0,39,146,21,3,21,20,48,4,0,29,25,27,27,28,36
401031011,40,229,20,810,353,48,83,713,426,620,864,197,325,13,135,52,96,68,105,53,101,0,69,255,281,50,171,3,285,94,197,172,248,49,143,0,194,442,121,0,27,20,70,26,9,86,41,41,15,91,80
401031012,28,157,15,401,192,23,56,373,236,271,500,113,177,3,73,27,28,14,42,22,36,0,56,124,132,24,63,0,122,48,85,74,114,20,51,0,100,222,48,0,6,9,33,14,7,40,20,23,14,41,48
401031013,30,215,22,559,257,37,88,623,339,509,865,178,293,3,117,45,83,46,62,32,61,0,71,187,178,51,112,3,183,65,149,108,180,41,100,0,133,378,73,0,15,16,44,19,3,93,24,51,4,68,59
401041014,14,46,6,339,184,15,25,288,140,270,237,98,75,5,105,87,132,95,64,54,93,0,64,190,98,62,70,0,117,62,157,120,176,29,101,5,96,354,95,4,29,19,79,34,7,74,51,48,18,59,71
401041015,22,55,15,438,319,29,44,493,230,425,360,182,109,18,176,179,230,118,178,65,196,5,139,494,177,88,126,0,207,68,234,228,325,85,164,0,149,662,147,0,63,54,240,78,18,254,113,149,23,171,160
401041016,35,122,12,615,430,45,66,650,365,584,640,209,224,8,208,133,216,126,177,67,155,3,128,407,243,84,167,6,254,90,284,219,346,66,154,4,169,655,169,6,44,40,156,50,4,208,85,129,26,172,133
401051017,30,108,8,401,195,37,77,426,278,310,487,116,218,0,80,23,56,29,75,26,50,0,72,144,180,33,103,3,128,46,88,108,105,23,85,0,101,236,44,0,15,6,25,17,4,69,29,35,12,57,48
401051018,15,59,9,363,212,37,53,399,208,313,385,129,127,7,111,75,120,74,90,42,99,0,101,238,181,45,79,0,141,48,157,126,175,34,121,0,74,339,78,0,20,25,95,44,6,133,54,52,18,101,78
401051019,29,145,12,494,241,41,95,513,324,443,682,128,226,0,123,56,86,66,74,47,80,0,69,206,222,49,90,0,195,62,134,144,165,38,102,3,102,355,65,0,14,13,64,26,0,106,31,46,15,81,60
401061020,20,45,5,247,131,13,26,219,137,195,300,70,78,5,72,41,68,44,41,15,46,0,45,107,67,52,42,0,83,34,78,75,100,12,61,9,70,189,48,5,20,8,61,28,4,56,35,47,14,36,50
401061021,30,126,26,560,307,23,66,454,314,474,578,147,167,9,148,123,149,112,88,39,97,0,104,209,189,62,105,0,215,68,172,192,207,54,136,0,119,411,95,3,49,21,130,54,9,149,45,115,26,121,106
401061022,18,121,17,321,131,24,38,262,160,189,453,66,128,3,59,18,42,22,32,15,31,0,32,77,96,23,64,0,114,36,68,63,84,18,43,3,86,155,29,0,19,6,30,16,0,37,18,26,3,30,30
401071023,46,209,11,735,329,67,98,712,451,603,798,201,341,0,168,67,96,86,119,63,100,0,117,259,296,95,143,0,265,95,190,185,216,55,122,4,161,485,114,0,24,21,73,40,3,133,38,73,19,118,87
401071024,32,234,22,878,347,54,119,882,554,608,1028,189,402,11,173,43,105,65,135,41,111,0,119,242,303,74,167,0,254,85,209,171,243,44,146,7,170,524,126,0,23,17,63,33,8,81,39,63,26,126,101
402011025,17,23,59,284,161,7,9,123,91,184,158,42,37,17,77,202,158,106,39,74,77,0,90,243,72,108,59,0,123,32,113,104,128,34,103,0,73,301,79,3,67,80,153,52,13,74,93,136,67,65,98
402011026,15,45,82,432,305,17,35,213,148,385,300,64,119,24,157,361,240,157,107,121,126,0,194,475,188,152,107,5,167,52,248,224,221,59,165,5,125,612,131,8,109,140,265,108,33,180,143,251,119,121,193
402011027,4,11,55,116,116,3,0,56,28,54,69,18,19,9,43,160,84,65,20,61,39,0,45,143,38,48,18,0,59,20,83,52,69,23,52,0,27,171,41,5,53,66,151,51,7,91,71,86,44,37,68
402021028,15,32,19,338,300,9,26,188,68,243,259,79,62,16,172,382,225,203,104,70,148,0,184,603,116,241,63,3,168,42,226,227,213,66,205,4,103,723,150,8,132,150,332,212,22,259,108,305,47,155,177
402021029,12,3,19,146,157,0,7,82,37,87,92,38,48,13,78,250,123,86,98,62,84,4,141,427,84,117,42,0,64,13,114,145,119,48,104,0,43,481,135,9,156,156,298,143,33,244,105,362,63,136,178
402021030,9,3,12,46,54,0,8,25,18,29,64,25,28,3,30,107,58,35,46,33,41,0,47,196,30,35,24,0,23,8,44,47,34,21,46,0,18,158,53,3,75,69,113,77,10,158,44,204,45,51,82
402021031,4,17,16,133,170,6,7,97,56,123,138,58,49,8,68,188,120,91,56,64,89,0,105,357,78,80,56,0,74,24,111,127,109,53,98,3,57,360,91,10,84,96,200,98,12,158,68,203,36,92,119
402021032,8,27,101,242,208,3,3,136,52,117,133,58,36,5,96,296,155,114,79,57,98,0,88,369,84,134,50,5,91,34,135,140,171,36,124,0,50,419,112,10,108,107,237,108,11,124,118,178,50,89,144
402021033,6,24,25,87,63,0,11,47,35,64,59,22,13,4,27,53,56,36,15,30,22,0,17,39,35,14,11,0,39,18,31,33,51,10,25,0,24,68,16,4,4,21,38,5,0,6,27,24,10,18,35
402021034,4,3,7,83,106,0,9,53,13,47,56,24,23,10,45,148,94,22,49,44,57,0,72,289,59,53,28,0,36,11,65,87,55,38,58,0,16,284,73,5,84,76,184,118,22,190,80,210,37,81,110
402021035,5,16,295,53,52,5,3,29,20,58,34,5,12,6,16,55,36,17,12,21,16,0,15,65,27,22,9,0,26,19,29,32,55,9,28,0,16,96,22,0,23,38,71,33,4,29,11,71,37,22,31
402031036,10,41,46,386,338,19,50,356,228,339,431,178,151,22,193,232,300,133,224,66,146,0,151,541,190,95,110,0,159,51,197,180,240,91,164,5,95,582,135,12,132,89,334,117,17,366,96,507,86,208,157
402031037,14,64,10,543,413,25,50,546,320,444,744,255,151,14,246,270,223,151,197,81,136,0,215,581,195,165,139,5,251,71,275,258,390,97,230,0,161,632,170,6,95,83,265,110,8,304,92,306,33,208,160
402031038,25,67,17,457,353,36,44,541,328,446,613,239,162,10,211,170,197,134,218,59,147,0,150,516,246,81,130,4,198,75,231,246,293,94,172,0,148,571,142,5,94,60,231,100,17,349,82,226,33,166,122
402041039,0,0,0,0,0,0,0,0,0,0,0,0,0,0,0,0,0,0,0,0,0,0,0,0,0,0,0,0,0,0,0,0,0,0,0,0,0,0,0,0,0,0,0,0,0,0,0,0,0,0,0
402041040,12,20,8,249,202,14,21,186,87,202,241,77,77,12,134,224,174,130,95,51,107,0,123,453,94,84,82,0,130,41,162,171,207,64,130,0,64,402,111,4,86,82,230,108,12,237,67,192,24,125,125
402041041,10,54,16,293,225,9,25,195,100,212,215,95,80,22,129,259,255,150,106,76,126,0,152,429,96,102,93,4,150,54,164,191,201,69,146,0,91,510,121,5,101,89,228,125,8,198,105,195,22,115,124
402041042,0,0,0,0,0,0,0,0,9,0,0,0,0,0,0,0,0,0,0,0,0,0,0,0,0,0,0,0,0,0,0,0,0,0,0,0,0,0,0,0,0,0,0,0,0,0,0,0,0,0,0
402041043,9,14,96,203,194,7,11,129,72,136,235,82,53,13,126,259,166,132,137,52,103,0,126,530,120,86,90,0,87,32,176,151,163,65,106,0,49,499,152,9,170,136,275,144,14,308,99,432,65,155,124
402041044,5,18,128,213,237,4,16,138,71,86,187,48,45,19,119,330,191,114,107,66,135,0,154,491,106,84,67,3,130,30,217,194,190,80,179,0,74,556,168,15,163,181,372,208,26,277,117,459,91,140,163
402041046,8,8,57,148,172,17,10,113,61,129,147,67,72,9,102,234,159,87,102,55,109,0,111,494,108,76,49,4,91,31,147,126,135,49,116,0,43,420,141,7,146,126,260,164,23,277,82,417,87,136,163
402041047,8,62,23,328,282,4,16,217,91,242,196,60,63,17,163,291,289,183,117,74,162,0,159,466,116,141,102,0,174,65,220,235,250,85,180,0,112,560,133,6,102,130,268,140,9,235,115,255,53,173,157
402041048,0,20,78,179,205,13,7,117,65,91,151,49,39,17,104,311,173,118,93,48,111,0,124,462,108,235,69,0,79,39,176,152,154,74,145,0,42,490,127,7,153,162,312,165,22,260,109,435,85,136,153
402041171,17,72,50,417,329,49,24,373,257,295,403,173,95,10,142,157,124,105,119,48,83,0,97,290,160,186,102,3,170,61,174,197,226,46,131,5,104,447,110,0,58,38,155,79,8,107,48,185,23,111,83
402041172,8,11,11,108,119,11,6,99,54,98,122,55,40,10,67,97,90,51,70,33,53,0,68,210,51,47,39,0,69,17,72,78,97,37,65,0,40,226,45,7,59,43,117,71,0,122,34,144,17,55,72
402051049,20,75,7,374,239,5,18,217,139,287,258,87,52,9,114,146,114,112,32,40,78,0,112,199,98,106,90,0,170,60,159,153,230,43,111,0,119,383,85,6,40,38,89,42,6,84,40,72,15,63,93
402051050,12,44,0,318,196,15,13,180,113,223,195,61,52,12,105,147,138,135,44,43,95,0,98,215,69,114,64,0,141,55,154,167,202,30,108,0,81,378,85,3,50,23,98,69,5,91,29,75,11,70,84
402051051,12,51,5,379,179,17,23,295,162,332,245,118,90,8,128,106,150,119,47,41,88,0,89,216,78,77,94,0,141,60,154,140,196,42,122,0,86,319,81,9,35,34,96,39,4,70,58,60,18,73,83
402051052,7,32,4,268,245,21,22,243,139,307,305,112,94,6,159,221,214,117,121,88,119,0,142,454,139,80,96,6,145,56,197,203,200,73,153,3,92,485,106,7,76,66,224,77,17,218,94,174,24,146,124
402051053,18,55,3,515,356,18,34,365,208,431,381,184,155,28,242,313,286,192,102,86,175,0,205,527,135,167,129,0,287,87,324,295,366,106,257,0,136,713,168,0,108,75,216,122,24,213,94,154,40,171,180
402051054,9,52,3,430,277,9,21,307,183,388,298,122,98,8,195,305,321,224,84,121,149,0,174,426,149,156,97,0,219,77,264,245,263,74,206,5,124,557,110,9,92,78,205,96,17,146,133,98,42,111,144
402051055,12,39,4,301,212,16,36,199,127,271,256,83,93,15,141,212,218,129,72,71,127,0,113,348,105,109,74,0,153,53,147,172,206,52,135,0,75,410,118,11,62,59,171,52,10,115,82,75,21,80,98
403011056,10,122,3,528,255,33,46,361,216,440,481,81,129,9,126,79,146,98,56,58,105,0,138,230,187,108,140,0,198,66,185,140,215,48,106,0,137,364,90,3,26,24,63,35,7,77,36,62,25,84,114
403011057,37,208,19,777,502,46,71,681,351,499,687,143,215,11,178,106,207,151,126,76,140,0,142,374,307,157,203,0,246,115,220,245,313,71,194,6,230,582,127,5,65,30,116,48,4,155,82,70,23,130,104
403021058,11,49,5,320,249,29,36,360,212,304,394,151,109,4,130,125,137,117,146,55,90,0,130,373,223,74,115,3,147,46,144,180,195,60,119,6,71,444,90,3,52,42,146,52,8,196,49,121,30,134,112
403021059,18,50,0,374,234,10,33,313,163,307,365,120,98,14,149,158,252,170,69,70,144,0,103,337,109,123,93,3,157,60,189,201,236,50,147,0,111,459,117,0,68,45,135,50,14,118,63,69,25,103,97
403021060,13,54,0,307,175,14,24,238,125,287,291,69,76,8,109,85,176,100,54,59,77,0,86,200,107,74,85,0,119,41,110,101,140,30,94,0,89,268,64,3,45,38,72,30,3,65,46,41,15,83,75
403021061,14,33,8,267,275,32,34,268,161,278,449,133,82,6,133,128,130,81,132,45,98,0,145,453,177,77,96,0,147,46,155,169,189,47,139,0,75,437,102,0,61,25,127,44,9,197,49,134,37,120,111
403021062,17,56,7,409,262,21,53,364,192,359,417,93,103,9,136,116,165,135,112,85,98,0,114,344,180,97,146,0,177,69,169,193,227,64,166,0,134,426,79,0,47,30,112,51,5,161,56,82,39,119,111
403021063,7,22,0,302,220,8,14,229,91,232,277,66,63,11,135,162,219,128,79,81,122,3,137,324,111,109,88,0,141,66,153,157,196,54,123,0,79,403,110,8,60,36,143,52,9,108,75,65,35,72,94
403021064,21,41,12,309,247,29,35,334,145,336,426,105,118,7,118,120,153,117,110,97,113,0,147,394,217,108,136,0,163,61,179,171,210,35,118,0,133,473,106,0,36,37,116,49,0,169,73,81,25,112,137
403031065,14,43,3,204,68,12,31,151,116,216,202,47,66,0,56,29,57,29,20,16,29,0,26,58,58,39,43,0,78,15,52,48,39,10,35,0,41,109,24,0,7,0,12,13,0,20,11,8,3,26,31
403031066,10,44,8,185,119,27,31,156,126,250,272,55,86,4,70,41,57,35,32,34,40,0,71,166,79,41,62,0,82,27,73,53,73,23,42,0,43,199,56,0,17,12,45,15,9,67,20,29,19,45,61
403031067,20,104,5,503,185,39,63,363,292,497,530,125,153,9,124,78,139,87,59,61,77,7,111,210,126,96,86,0,161,67,121,131,161,32,113,0,97,299,58,0,29,18,53,22,9,69,32,52,26,79,112
403031068,26,111,6,605,282,35,59,582,327,502,605,133,181,10,170,93,176,107,91,85,99,0,151,279,193,109,138,3,218,74,203,153,242,47,138,6,141,478,104,4,24,23,87,39,11,150,48,54,30,119,133
403031069,40,195,24,638,291,55,84,643,363,579,859,145,276,6,136,52,76,70,42,68,93,0,95,236,193,73,139,3,222,82,190,163,190,38,126,3,147,391,83,0,19,18,61,33,4,78,24,74,18,107,84
403031070,10,37,9,205,136,9,26,186,111,185,249,68,75,5,68,74,81,59,58,40,57,0,48,190,103,33,52,0,89,25,101,92,88,26,45,0,40,212,55,0,17,12,58,29,7,85,33,67,19,72,54
403041071,11,41,0,376,221,14,21,274,135,320,336,115,92,8,144,173,186,127,61,66,119,0,124,317,92,94,79,8,189,58,181,158,233,58,129,0,93,423,104,3,59,37,112,50,4,120,64,68,26,110,97
403041072,12,37,42,249,244,9,33,167,99,207,241,47,81,15,115,195,310,146,115,130,126,0,184,460,116,89,82,3,100,35,139,134,153,61,98,0,89,495,117,8,100,74,175,55,12,192,122,135,111,120,117
403041073,4,5,4,96,118,5,11,71,45,67,108,39,28,8,67,117,118,65,67,51,82,0,88,271,56,44,39,0,46,15,72,84,70,41,72,0,37,294,62,3,63,29,92,41,10,146,71,96,26,47,97
403041074,7,28,3,168,143,9,21,116,63,145,151,34,54,10,72,120,193,77,58,60,96,0,111,307,92,51,63,3,78,18,103,100,81,46,58,3,53,317,71,10,68,40,109,30,15,147,81,79,17,71,94
403041075,5,28,52,98,51,0,11,62,37,83,90,12,24,10,29,32,53,26,15,23,15,0,16,40,16,10,12,0,48,10,35,34,39,11,22,0,29,98,16,0,14,8,34,9,3,26,19,16,17,14,13
403041076,15,40,7,151,90,16,16,126,92,183,176,45,58,3,47,46,60,48,19,34,39,0,48,93,47,47,39,0,68,21,50,56,48,15,46,0,30,115,24,0,6,6,19,7,4,24,11,13,15,34,32
403041077,22,70,12,385,186,14,28,244,171,307,359,96,76,10,120,132,131,132,58,50,95,0,107,265,111,94,79,3,168,54,163,142,185,39,105,0,96,366,92,4,42,20,81,30,3,78,36,40,21,75,94
403041078,7,19,8,107,101,6,7,67,24,56,96,33,27,3,63,118,119,66,42,37,62,0,66,189,49,54,34,0,74,23,69,94,108,28,49,0,34,245,61,4,51,22,90,39,8,79,66,70,14,49,52
403041079,6,11,4,69,88,0,7,41,15,48,63,30,20,3,46,100,94,59,75,45,61,0,75,275,56,46,23,0,40,4,64,78,49,26,52,0,26,242,63,0,68,33,95,58,7,120,50,78,27,63,76
403041080,18,49,0,388,235,13,36,245,128,266,334,81,77,20,150,225,231,183,96,96,151,0,160,402,98,134,91,6,189,54,197,210,254,71,142,0,112,456,131,9,76,45,143,62,8,124,77,81,26,83,118
403041081,0,0,0,0,0,0,0,0,0,0,0,0,0,0,0,0,0,0,0,0,0,0,0,0,0,0,0,0,0,0,0,0,0,0,0,0,0,0,0,0,0,0,0,0,0,0,0,0,0,0,0
403041082,0,0,0,0,0,0,0,0,0,0,0,0,0,0,0,7,0,0,0,0,0,0,0,0,0,0,0,0,0,0,0,0,0,0,0,0,0,0,0,0,0,0,0,0,0,0,0,0,0,0,0
403041083,7,42,139,159,117,3,16,91,76,118,151,21,32,6,61,89,107,50,41,46,45,0,38,113,63,42,45,0,66,19,72,56,88,13,34,0,57,181,49,0,26,29,52,13,9,41,40,34,59,42,33
403041084,5,26,5,206,230,18,13,143,73,137,181,59,60,7,120,241,220,118,89,98,114,0,168,471,79,74,47,3,109,39,160,182,195,68,142,0,65,515,121,8,104,54,187,87,20,205,106,123,42,140,155
403041085,3,18,8,122,157,6,11,70,45,82,92,41,33,4,60,138,116,87,71,64,101,0,92,344,69,59,55,0,64,23,85,106,92,40,89,0,35,272,86,10,75,47,130,62,10,164,72,103,22,75,97
403041086,3,17,3,167,170,12,16,134,53,142,213,37,47,9,109,178,203,123,73,67,97,0,93,325,74,95,73,0,82,36,141,136,194,47,102,0,58,342,106,4,69,41,139,52,11,158,82,86,25,95,110
403041087,14,57,17,452,393,11,38,301,161,392,433,102,116,27,204,298,470,269,147,136,243,0,265,672,196,167,172,5,218,60,284,261,292,80,181,0,143,789,180,9,161,106,241,93,16,243,186,169,69,191,207
403041088,3,17,82,83,79,6,13,54,64,107,75,11,30,3,32,41,55,37,25,27,34,0,28,73,42,20,22,6,38,10,45,33,53,12,14,0,23,83,21,3,18,11,39,14,3,20,22,23,47,39,23
403041089,8,46,7,274,243,4,18,191,83,166,261,68,43,10,118,193,167,160,74,62,126,0,128,320,91,92,85,3,161,58,172,211,237,61,119,0,98,506,134,5,66,42,145,62,11,132,65,93,28,97,102
404011090,6,20,3,175,156,5,20,165,85,138,220,47,41,3,100,82,93,68,56,41,76,0,66,176,84,56,46,0,96,46,142,108,126,35,99,0,49,253,60,4,55,33,101,54,8,123,48,79,14,56,64
404011091,11,53,10,375,241,22,31,340,161,282,256,98,94,5,132,170,191,127,102,41,152,0,88,288,171,68,98,0,179,73,209,189,273,66,167,0,93,515,146,6,65,41,172,83,3,186,73,122,17,130,124
404011092,33,129,19,634,294,20,59,441,238,412,394,107,133,7,156,140,154,133,87,55,131,0,95,234,195,113,165,0,184,73,192,186,248,64,161,0,152,496,115,0,55,50,130,48,3,104,53,91,15,82,95
404011093,23,84,17,471,363,44,109,549,366,463,498,169,190,15,178,113,144,112,117,63,183,0,151,300,305,98,150,4,237,73,223,232,239,62,176,0,124,499,146,3,63,51,190,84,14,175,71,158,23,132,128
404011094,8,12,0,110,107,7,9,73,54,73,104,28,42,9,48,102,90,64,49,21,69,0,46,139,51,40,31,4,69,22,76,75,88,18,64,0,35,197,54,5,36,28,84,50,7,102,38,56,14,58,56
404011095,16,78,7,405,283,19,31,338,216,331,330,78,102,11,123,175,199,146,86,58,133,0,117,310,187,121,154,3,178,72,226,199,245,69,140,0,116,485,116,6,67,60,188,99,4,190,81,142,18,114,141
404011096,31,134,13,493,301,21,37,344,166,321,302,84,94,6,121,162,156,131,60,37,112,0,125,211,122,93,130,4,204,75,198,172,216,40,133,0,141,408,119,0,61,61,141,53,4,107,48,59,12,68,124
404011097,17,44,23,355,315,16,35,331,182,319,388,118,105,13,150,243,176,150,176,61,130,0,139,465,211,90,109,5,148,60,208,191,184,62,154,3,115,497,141,13,142,89,224,129,18,228,84,296,28,149,145
404021098,0,0,0,0,0,0,0,0,0,0,0,0,0,0,0,0,0,0,0,0,0,0,0,0,0,0,0,0,0,0,0,0,0,0,0,0,0,0,0,0,0,0,0,0,0,0,0,0,0,0,0
404021099,20,105,0,489,297,30,63,331,223,362,363,71,161,18,157,203,152,132,92,75,130,0,205,302,185,147,106,0,197,63,218,176,197,66,166,0,119,429,103,13,105,73,138,99,13,159,76,87,23,90,166
404021100,14,58,5,350,240,10,30,213,112,226,232,77,75,11,118,290,135,125,100,64,135,0,135,334,180,155,71,5,146,57,204,182,174,63,190,5,113,389,93,16,111,102,176,136,9,185,67,125,21,114,183
404021101,5,16,9,202,158,11,26,144,84,160,189,40,62,14,72,203,127,70,93,37,97,0,91,265,131,88,70,0,80,30,124,118,127,44,125,0,49,297,67,8,93,61,141,83,11,139,64,176,19,80,106
404021102,11,25,50,189,237,12,17,222,127,193,366,117,79,14,113,210,99,96,201,45,120,0,112,444,194,61,150,4,88,28,116,157,135,56,103,0,52,451,109,10,145,70,212,119,16,301,57,512,42,188,118
404021103,0,0,0,0,0,0,0,0,0,0,0,0,0,0,0,0,0,0,0,0,0,0,0,0,0,0,0,0,0,0,0,0,0,0,0,0,0,0,0,0,0,0,0,0,0,0,0,0,0,0,0
404031104,0,0,0,0,0,0,0,0,0,0,0,0,0,0,0,0,0,0,0,0,0,0,0,0,0,0,0,0,0,0,0,0,0,0,0,0,0,0,0,0,0,0,0,0,0,0,0,0,0,0,0
404031105,5,10,4,87,43,0,8,63,38,70,67,17,18,0,20,22,32,36,13,9,20,0,19,46,35,26,13,0,27,7,28,34,41,10,26,0,20,97,20,0,7,12,15,13,4,18,12,17,0,21,24
404031106,20,72,3,382,227,11,29,372,171,325,290,115,104,7,151,108,156,110,115,41,119,0,107,273,152,63,96,0,154,68,178,150,220,62,132,0,108,408,106,0,45,26,168,53,3,162,52,96,15,119,79
404031107,22,94,21,624,472,43,60,617,323,518,634,235,188,14,261,176,235,159,247,110,195,0,176,622,404,159,189,9,274,100,315,360,379,103,218,4,195,744,190,10,89,56,303,118,11,397,83,234,55,235,169
404031108,16,75,3,448,352,52,100,460,312,373,429,151,218,17,143,115,155,103,187,65,163,0,137,324,327,72,142,8,196,62,190,207,184,75,175,5,114,500,119,0,59,37,182,78,14,236,70,152,18,168,131
404031109,7,42,8,188,119,10,20,166,61,110,146,50,43,5,47,40,66,54,21,24,37,0,41,72,75,33,68,0,79,23,57,72,97,29,45,0,62,147,50,0,10,21,56,16,7,32,17,16,3,36,40
405011110,9,27,226,174,95,6,12,82,106,107,105,15,29,10,46,123,47,55,49,52,52,0,35,117,52,28,24,0,44,26,65,40,48,18,50,0,32,160,32,8,53,37,69,16,11,93,36,187,142,60,46
405011111,3,32,323,204,132,0,18,103,84,175,117,17,31,6,50,205,95,69,80,80,70,0,75,247,85,49,39,0,66,27,113,75,101,38,69,0,34,250,44,9,57,80,160,36,9,100,53,189,173,63,66
405011112,10,25,81,175,129,6,8,92,73,161,99,21,31,4,47,117,103,85,43,61,53,0,51,114,74,48,36,0,69,27,71,58,89,22,50,0,34,160,31,6,50,44,74,25,3,60,54,107,59,44,35
405011113,0,8,158,64,38,0,5,18,9,18,28,5,7,3,18,79,40,23,14,25,19,0,18,74,15,21,7,0,20,0,45,23,30,8,15,0,16,70,14,0,26,39,92,17,6,42,31,48,65,11,24
405011114,8,20,106,131,111,0,9,68,51,103,77,13,24,10,60,118,53,51,48,42,57,0,55,114,73,24,22,0,49,35,90,42,85,20,67,0,27,195,35,7,57,62,94,31,10,132,20,282,91,50,63
405011115,3,19,75,137,83,0,11,59,88,141,83,9,26,6,30,61,36,26,40,28,44,0,27,86,67,19,30,0,38,15,50,33,53,15,39,0,24,129,18,0,32,27,48,16,3,49,14,150,50,45,26
405021116,3,18,78,77,102,3,4,63,48,93,80,6,19,5,20,73,42,39,37,29,30,0,30,88,43,12,22,0,47,15,53,31,55,15,22,0,24,133,25,0,33,25,66,9,3,69,24,27,79,39,39
405021117,7,15,362,90,90,0,9,41,55,95,77,0,12,0,30,78,42,20,43,31,28,0,40,91,34,9,14,0,40,13,48,18,63,14,26,0,25,102,23,0,26,39,61,9,4,51,23,65,143,27,24
405021118,4,7,354,41,66,0,8,25,17,49,47,3,7,0,27,59,23,17,27,46,18,0,26,60,31,8,11,0,18,11,25,22,47,10,14,0,10,78,9,3,17,37,72,8,6,47,24,34,140,19,27
405021119,3,12,664,99,137,0,7,47,34,138,114,7,20,9,32,133,53,44,59,51,49,0,71,173,66,24,19,0,48,27,78,33,91,34,33,0,24,170,30,9,68,96,179,26,16,139,46,144,197,56,103
405031120,0,3,396,65,73,0,4,43,24,105,96,0,11,0,17,93,26,33,32,44,24,0,48,86,23,10,3,0,29,14,41,21,43,10,15,0,12,116,20,4,51,35,66,5,9,50,22,40,69,22,28
405031121,0,6,437,67,103,0,8,36,11,99,86,0,20,3,28,71,11,23,43,39,13,0,43,116,39,18,21,0,29,11,41,28,47,13,22,0,10,77,13,8,42,40,59,3,7,60,32,44,83,35,39
405031122,9,18,12,166,208,4,27,95,61,215,206,9,69,13,111,224,119,118,66,40,90,0,142,379,78,61,51,0,82,35,126,108,89,37,72,0,41,462,110,14,359,52,150,27,29,194,79,61,27,110,153
405031123,5,5,151,42,60,0,7,24,11,75,75,5,11,5,18,73,9,37,26,8,16,0,38,87,15,16,3,0,30,12,35,17,33,13,12,0,8,82,19,3,57,16,41,5,8,48,22,13,35,19,23
405041124,0,12,93,55,81,0,6,41,29,107,53,10,19,3,16,92,55,41,28,26,42,0,43,142,39,23,13,0,36,16,45,39,51,27,31,0,29,208,46,3,34,30,85,10,6,75,18,45,52,43,48
405041125,4,8,76,64,70,0,0,20,7,82,68,0,10,3,19,66,59,30,40,26,24,0,39,102,46,11,26,0,23,8,32,23,45,12,21,0,20,92,32,0,39,20,45,9,3,57,48,27,23,27,51
405041126,0,14,45,34,62,0,7,16,15,58,81,0,14,3,15,59,35,27,25,13,18,0,23,82,25,18,12,0,24,5,30,17,23,18,7,0,17,107,29,0,36,24,37,4,4,49,26,25,18,34,68
405041127,8,12,540,79,115,0,14,24,23,94,93,0,11,4,22,85,57,33,33,40,37,0,45,126,50,13,12,0,35,29,55,37,68,23,19,0,30,130,31,3,57,55,86,3,14,83,18,35,100,46,72
405041128,4,4,201,40,91,0,0,24,21,49,44,0,6,6,14,48,38,29,34,29,23,0,22,68,40,12,13,0,14,6,23,7,35,11,15,0,15,82,8,5,29,21,35,0,7,55,20,10,61,13,59
406011129,5,12,43,48,42,0,6,22,10,71,40,0,27,0,17,44,21,21,20,13,8,0,46,84,13,30,11,0,16,13,35,21,23,7,18,0,5,67,23,9,25,16,55,3,8,50,13,8,12,11,48
406011130,7,20,576,92,106,0,7,49,53,121,103,0,22,0,31,102,76,35,52,41,43,0,38,111,47,20,17,0,38,22,58,34,89,15,27,0,25,137,21,4,50,56,89,4,10,96,33,38,102,25,92
406011131,0,7,526,42,81,0,3,35,17,68,41,0,8,6,20,80,21,35,37,26,17,0,27,82,31,3,6,0,24,27,28,18,54,15,15,0,10,89,17,3,48,39,61,5,13,55,15,13,100,19,38
406011132,0,3,320,29,49,0,9,16,12,48,31,0,0,0,4,35,8,16,12,23,14,0,19,35,16,3,5,0,13,11,25,6,24,4,8,0,5,50,5,3,13,26,23,0,4,42,13,8,77,16,24
406011133,17,55,144,256,294,4,36,171,197,306,261,13,90,17,84,259,243,128,104,85,166,0,130,369,121,138,77,0,132,71,162,131,211,41,80,0,71,592,126,13,106,61,182,35,15,231,83,182,53,102,311
406011134,0,13,326,48,72,0,0,22,20,74,37,0,9,0,16,43,35,28,26,27,13,0,34,69,22,7,7,0,14,10,29,21,42,11,3,0,14,77,24,3,22,24,44,4,7,44,21,16,92,23,42
406011135,0,0,0,3,3,0,0,0,0,3,0,0,0,0,0,0,0,0,0,0,0,0,0,0,0,0,0,0,0,0,0,0,0,0,0,0,0,0,0,0,8,0,0,0,0,0,0,0,0,0,5
406011136,16,34,10,286,280,16,16,160,149,374,349,28,128,15,255,569,111,244,89,75,134,0,179,489,123,109,74,0,151,37,182,149,131,45,119,6,50,595,130,30,754,99,309,46,22,317,106,110,41,161,190
406011137,0,0,0,0,0,0,0,0,0,0,0,0,0,0,0,0,0,0,0,0,0,0,0,0,0,0,0,0,0,0,0,0,0,0,0,0,0,0,0,0,0,0,0,0,0,0,0,0,0,0,0
406021138,3,5,0,36,27,0,36,11,6,93,18,0,10,0,0,8,3,0,8,0,0,0,39,81,0,9,0,0,7,0,12,3,6,0,4,0,0,11,7,0,5,0,0,0,10,18,0,0,6,0,23
406021139,0,3,9,15,60,0,3,8,8,29,23,0,18,0,4,15,10,11,16,0,7,0,35,44,14,21,7,0,11,4,11,18,12,8,6,0,5,43,7,0,44,9,5,0,6,38,4,0,0,7,17
406021140,0,6,67,26,43,0,0,14,4,49,52,0,6,0,9,35,10,18,24,16,10,0,29,42,12,19,20,0,12,9,17,11,14,4,14,0,3,38,15,4,22,14,45,3,0,33,9,3,37,17,12
406021141,0,3,190,41,68,0,3,7,49,32,15,0,4,0,36,62,20,31,58,19,42,0,6,26,24,24,10,0,22,3,22,10,12,11,18,0,0,20,12,0,121,16,45,9,9,57,23,4,113,11,25
406021142,7,27,23,167,214,0,13,101,39,261,227,3,107,17,63,249,88,109,76,48,58,0,140,345,92,275,41,3,106,17,135,145,106,22,108,0,36,404,102,8,134,61,248,26,6,223,86,21,73,109,108
406021143,4,3,0,104,40,0,4,40,131,76,38,3,3,3,170,238,31,83,25,15,22,0,6,58,34,19,17,0,36,4,57,16,27,10,29,0,17,73,20,3,394,23,45,17,0,83,42,6,3,27,32
407011144,11,25,38,152,207,7,22,82,58,174,152,12,36,3,49,84,132,57,70,82,82,0,67,257,115,30,55,0,61,30,65,60,100,22,31,0,42,268,55,4,38,45,89,9,15,135,58,28,77,58,70
407011145,8,13,301,84,135,0,9,30,50,89,50,6,16,6,15,45,45,23,49,50,26,0,24,82,62,6,78,0,33,8,36,37,43,16,18,0,18,141,34,0,19,21,52,7,0,103,21,20,97,35,70
407011146,3,24,74,135,105,0,14,83,49,105,136,19,46,3,63,110,85,46,54,64,48,0,76,185,75,33,38,0,55,25,84,48,87,32,53,0,38,196,39,0,68,36,102,29,9,72,52,66,93,63,52
407011147,11,33,382,146,139,4,13,69,87,125,137,9,28,6,51,127,94,77,44,103,58,0,76,176,75,37,42,0,69,21,81,57,100,17,44,0,35,193,31,11,63,45,90,14,5,66,51,55,163,31,43
407011148,14,32,66,167,232,3,26,105,58,209,234,15,56,8,53,84,174,62,107,98,75,0,107,327,133,43,61,0,67,37,109,102,123,37,53,4,68,367,86,6,50,34,116,11,11,181,69,38,84,94,123
407011149,10,20,247,94,95,0,11,40,36,69,81,7,25,0,29,42,78,35,45,63,22,0,47,117,52,13,29,0,38,14,45,38,65,22,27,0,36,143,32,3,27,35,67,4,8,72,38,37,57,32,53
407021150,3,15,367,93,77,3,5,44,57,80,63,10,19,0,29,129,73,43,23,32,36,0,37,104,33,20,18,0,43,33,59,29,62,18,32,0,17,151,26,0,59,83,100,4,5,47,30,50,170,33,56
407021151,3,7,301,66,108,0,3,10,27,65,34,0,4,0,11,31,59,8,37,29,16,0,20,70,43,6,14,0,15,15,30,10,47,7,12,0,23,109,27,5,9,24,31,6,4,59,13,13,155,40,48
407021152,0,11,93,66,74,0,6,29,20,82,52,0,14,4,17,107,57,42,31,25,34,0,41,150,40,26,21,0,27,16,44,27,43,17,21,0,17,134,43,9,106,51,51,3,15,83,36,57,67,43,48
407021154,9,7,144,102,132,0,6,80,29,100,87,3,25,4,19,117,64,61,72,70,30,0,24,124,41,18,25,0,42,25,63,26,67,21,38,0,48,219,50,8,22,43,86,11,7,97,35,265,242,41,48
407021155,3,11,510,31,25,0,5,18,23,34,31,0,9,0,3,33,15,16,7,27,11,0,5,35,21,0,9,0,20,9,30,6,38,8,12,0,16,51,7,0,5,34,27,0,0,16,14,15,105,3,9
407021156,0,10,263,43,67,0,0,23,53,55,31,0,10,0,15,54,22,10,18,16,9,0,14,57,29,5,11,0,20,5,42,10,33,9,8,0,22,71,15,0,28,49,43,0,0,42,8,53,153,15,20
407021157,4,13,623,107,110,0,8,55,39,107,104,4,14,3,34,153,49,51,64,61,25,0,30,99,43,9,15,0,48,21,72,37,79,18,43,0,41,180,46,3,41,86,90,20,11,95,38,314,195,43,45
407021158,5,5,256,53,64,0,5,19,32,56,45,0,0,0,15,71,28,23,22,28,16,0,14,69,28,9,10,0,21,11,29,8,31,9,9,0,16,73,8,0,35,29,47,5,5,48,19,41,94,12,48
407021173,4,48,69,248,312,6,22,156,97,335,253,19,104,13,90,273,162,126,109,52,92,0,123,410,143,102,68,0,147,36,172,141,176,54,101,0,82,650,118,9,196,159,231,40,12,225,34,174,168,122,160
407021174,9,43,69,236,257,0,21,156,81,286,261,8,86,3,81,312,184,107,83,61,110,0,122,360,112,85,70,0,103,31,169,126,154,48,99,0,71,525,120,7,161,174,264,35,14,203,62,193,141,102,121
407031159,9,15,226,102,98,0,5,55,34,86,102,0,34,3,40,144,52,43,40,42,47,0,59,165,73,22,12,0,43,14,67,42,48,13,47,0,18,196,40,5,49,69,99,8,16,82,34,148,127,44,44
407031160,8,6,26,56,71,0,10,43,24,83,78,0,46,3,16,52,25,10,13,13,17,0,31,78,25,36,12,0,34,5,37,23,38,17,20,0,17,96,23,0,19,33,46,9,7,73,19,80,60,24,22
407031161,3,5,482,34,38,0,0,16,10,49,37,0,7,0,12,52,11,19,19,19,16,0,17,51,22,4,4,0,18,0,28,9,13,8,10,0,5,60,22,5,12,53,34,0,5,46,6,29,111,12,8
407031162,5,7,171,84,104,0,0,35,29,117,95,8,21,3,29,79,36,50,26,32,50,0,48,160,35,21,12,0,45,13,57,37,52,18,19,0,18,164,37,6,26,54,74,5,4,49,33,87,181,31,36
407031163,0,4,207,23,17,0,6,9,7,25,30,0,4,0,11,22,8,7,3,4,4,0,4,29,14,0,0,0,11,9,23,7,20,5,9,0,5,36,5,0,7,33,22,0,0,18,3,21,70,11,11
407031164,7,15,260,79,105,0,3,28,28,61,62,4,16,7,24,116,48,28,43,52,37,0,40,116,51,24,26,0,32,12,52,25,35,22,16,0,13,135,35,3,49,58,82,27,6,81,47,93,124,28,47
407031165,13,29,112,209,250,3,19,113,45,185,150,25,62,6,93,247,163,94,103,94,96,0,114,459,96,115,67,5,108,42,134,121,136,50,99,0,58,578,134,10,81,103,227,118,35,245,92,916,228,123,150
407031166,0,10,267,50,48,3,5,38,17,51,41,3,17,0,24,74,27,23,28,46,25,0,48,79,12,23,13,0,27,12,51,17,38,11,27,0,17,105,16,0,24,31,61,22,10,42,28,64,96,17,34
407031167,3,12,53,62,85,0,12,31,14,64,67,0,13,0,14,45,39,25,24,14,20,0,29,95,33,19,12,0,16,9,35,24,31,10,23,0,15,148,30,0,20,51,34,7,4,59,15,101,157,30,40
407031168,6,18,251,89,95,0,6,51,27,87,71,3,17,5,27,101,58,35,35,26,39,0,25,109,37,9,13,0,39,21,74,30,65,17,30,0,17,133,27,0,24,86,79,7,4,63,24,144,188,30,28
407031169,0,10,580,53,75,0,5,25,31,62,52,0,11,0,10,64,18,20,31,51,14,0,39,107,41,7,12,0,31,18,37,22,52,13,22,0,23,128,33,5,20,47,79,24,4,57,23,26,208,33,44
407031170,6,9,314,74,103,0,4,26,35,87,76,0,13,0,30,117,42,43,61,35,33,0,40,111,55,54,24,0,43,23,62,36,64,29,29,0,17,151,27,0,44,69,80,12,10,71,33,141,230,17,35